https://www.youtube.com/watch?v=gsCUyH0eX9g,A R Rahman- INDIRAIYO IVAL SUNDARIYO,A_R_Rahman-_INDIRAIYO_IVAL_SUNDARIYO.m4a
https://www.youtube.com/watch?v=ozOpzPWmzHA,A.R. Rahman - Bombay Theme,A.R._Rahman_-_Bombay_Theme.m4a
https://www.youtube.com/watch?v=3fzUFel786M,"Aa Karnananthe - Lyrical | Karna | Dr. Vishnuvardhan, Sumalatha | K.J.Yesudas | Kannada Old Song","Aa_Karnananthe_-_Lyrical_|_Karna_|_Dr._Vishnuvardhan,_Sumalatha_|_K.J.Yesudas_|_Kannada_Old_Song.m4a"
https://www.youtube.com/watch?v=qJUGjZHYaM4,Aagadu Yendu Kailaagadu Yendu,Aagadu_Yendu_Kailaagadu_Yendu.m4a
https://www.youtube.com/watch?v=_csSTvVmHUw,Aakaashadindha - Audio Song | Chandanada Gombe | Rajan-Nagendra | S.P. Balasubrahmanyam,Aakaashadindha_-_Audio_Song_|_Chandanada_Gombe_|_Rajan-Nagendra_|_S.P._Balasubrahmanyam.m4a
https://www.youtube.com/watch?v=xlRCHCA0IQc,Aalaya Mrugaalaya Song | S. P. Balasubrahmanyam | Kannada Old Songs | Kannada Video Songs,Aalaya_Mrugaalaya_Song_|_S._P._Balasubrahmanyam_|_Kannada_Old_Songs_|_Kannada_Video_Songs.m4a
https://www.youtube.com/watch?v=S9f13Cw2t0M,Aasai Tamil Movie Songs | Pulveli Pulveli Video Song | Ajith | Suvalakshmi | KS Chitra,Aasai_Tamil_Movie_Songs_|_Pulveli_Pulveli_Video_Song_|_Ajith_|_Suvalakshmi_|_KS_Chitra.m4a
https://www.youtube.com/watch?v=_cd-2S4ACSg,Aaseya Bhaava Olavina Jeeva....S.P.B,Aaseya_Bhaava_Olavina_Jeeva....S.P.B.m4a
https://www.youtube.com/watch?v=Sf05nb5k7zU,Andha Arabi Kadaloram,Andha_Arabi_Kadaloram.m4a
https://www.youtube.com/watch?v=ZG4nXTfcy30,Andha Arabikadaloram (Live),Andha_Arabikadaloram_(Live).m4a
https://www.youtube.com/watch?v=5eUYYU4CE90,"Anuragada Alemele || Kanasalu Neene Manasalu Neene || Vineeth,Ayesha Jhulka ||Kannada","Anuragada_Alemele_||_Kanasalu_Neene_Manasalu_Neene_||_Vineeth,Ayesha_Jhulka_||Kannada.m4a"
https://www.youtube.com/watch?v=ED2EgbsDXDc,"Baana Daariyalli - Bhagyavantha Songs (1981)| Puneeth Rajkumar, KS Ashwath | TG Lingappa","Baana_Daariyalli_-_Bhagyavantha_Songs_(1981)|_Puneeth_Rajkumar,_KS_Ashwath_|_TG_Lingappa.m4a"
https://www.youtube.com/watch?v=_JEo5WmwJcA,Baani Gondu Elle Audio Song |,Baani_Gondu_Elle_Audio_Song_|.m4a
https://www.youtube.com/watch?v=t4fRifhqTOU,Bandalo Bandalo Kanchana - Sangliana - Shankarnag Hits,Bandalo_Bandalo_Kanchana_-_Sangliana_-_Shankarnag_Hits.m4a
https://www.youtube.com/watch?v=RIxjaXsXkoI,BAREDIDHE NINNA,BAREDIDHE_NINNA.m4a
https://www.youtube.com/watch?v=Mme8783ghjI,BAREYUVE NINAGAAGI,BAREYUVE_NINAGAAGI.m4a
https://www.youtube.com/watch?v=J0GSjOEHif4,Besuge Besuge,Besuge_Besuge.m4a
https://www.youtube.com/watch?v=2nQ8rmu5ZFU,Besuge Yaava huvu yaara mudigo,Besuge_Yaava_huvu_yaara_mudigo.m4a
https://www.youtube.com/watch?v=6hDACW8eRrg,Bhaaratha Bhooshira - S.Janaki,Bhaaratha_Bhooshira_-_S.Janaki.m4a
https://www.youtube.com/watch?v=MKgMjcJqCrI,Bhaavavemba Hoovu Arali | Upasane | Aarathi | Dr Govinda Mannur | Kannada Video Song,Bhaavavemba_Hoovu_Arali_|_Upasane_|_Aarathi_|_Dr_Govinda_Mannur_|_Kannada_Video_Song.m4a
https://www.youtube.com/watch?v=rldu89_A3K4,CHELUVE NEENU NAKKARE| VISHNUVARDHAN| HAMSALEKA| FEEL THE LYRICS KANNADA| S.P.B,CHELUVE_NEENU_NAKKARE|_VISHNUVARDHAN|_HAMSALEKA|_FEEL_THE_LYRICS_KANNADA|_S.P.B.m4a
https://www.youtube.com/watch?v=LmxlM2kWWKk,"Cheluve Ondu Kelthini Video Song | Premaloka | Juhi Chawla, S.P. Balasubrahmanyam, Janaki","Cheluve_Ondu_Kelthini_Video_Song_|_Premaloka_|_Juhi_Chawla,_S.P._Balasubrahmanyam,_Janaki.m4a"
https://www.youtube.com/watch?v=h28GnkBarfQ,CHELUVEYA ANDADA MOGAKE | Devara Gudi | DR.S.P.Balasubrahmanyam | 56th Bengaluru Ganesh Utsava 2018,CHELUVEYA_ANDADA_MOGAKE_|_Devara_Gudi_|_DR.S.P.Balasubrahmanyam_|_56th_Bengaluru_Ganesh_Utsava_2018.m4a
https://www.youtube.com/watch?v=8tw4qdr3Zbo,CHELUVINALI SAATI ILLA,CHELUVINALI_SAATI_ILLA.m4a
https://www.youtube.com/watch?v=SRjep36D3lQ,Chinna Chinna Asai - Bit,Chinna_Chinna_Asai_-_Bit.m4a
https://www.youtube.com/watch?v=AVO_DWuUU3k,"Chinna Chinna Asai Audio Song | Roja Tamil Movie | Aravind Swamy,Madhubala | Mani Rathnam |AR Rahman","Chinna_Chinna_Asai_Audio_Song_|_Roja_Tamil_Movie_|_Aravind_Swamy,Madhubala_|_Mani_Rathnam_|AR_Rahman.m4a"
https://www.youtube.com/watch?v=rnFdQ4TId64,Deva Hit Songs | Shokkadikuthu Song | ‡ÆÜ‡Æö‡Øà | Ajith Kumar | Suvalakshmi | Vasanth | Music Master,Deva_Hit_Songs_|_Shokkadikuthu_Song_|_‡ÆÜ‡Æö‡Øà_|_Ajith_Kumar_|_Suvalakshmi_|_Vasanth_|_Music_Master.m4a
https://www.youtube.com/watch?v=9nvpGqS9BH8,Diggajaru Kuchiku Kuchiku song,Diggajaru_Kuchiku_Kuchiku_song.m4a
https://www.youtube.com/watch?v=wyHIvAIi3fY,Ee Bhoomi Bannada Buguri - Maha Kshathriya - ‡≤Æ‡≤π‡≤æ‡≤ï‡≥ç‡≤∑‡≤§‡≥ç‡≤∞‡≤ø‡≤Ø - Kannada Video Songs,Ee_Bhoomi_Bannada_Buguri_-_Maha_Kshathriya_-_‡≤Æ‡≤π‡≤æ‡≤ï‡≥ç‡≤∑‡≤§‡≥ç‡≤∞‡≤ø‡≤Ø_-_Kannada_Video_Songs.m4a
https://www.youtube.com/watch?v=wyHIvAIi3fY,Ee Bhoomi Bannada Buguri - Maha Kshathriya - ‡≤Æ‡≤π‡≤æ‡≤ï‡≥ç‡≤∑‡≤§‡≥ç‡≤∞‡≤ø‡≤Ø - Kannada Video Songs,Ee_Bhoomi_Bannada_Buguri_-_Maha_Kshathriya_-_‡≤Æ‡≤π‡≤æ‡≤ï‡≥ç‡≤∑‡≤§‡≥ç‡≤∞‡≤ø‡≤Ø_-_Kannada_Video_Songs.m4a
https://www.youtube.com/watch?v=wyHIvAIi3fY,Ee Bhoomi Bannada Buguri - Maha Kshathriya - ‡≤Æ‡≤π‡≤æ‡≤ï‡≥ç‡≤∑‡≤§‡≥ç‡≤∞‡≤ø‡≤Ø - Kannada Video Songs,Ee_Bhoomi_Bannada_Buguri_-_Maha_Kshathriya_-_‡≤Æ‡≤π‡≤æ‡≤ï‡≥ç‡≤∑‡≤§‡≥ç‡≤∞‡≤ø‡≤Ø_-_Kannada_Video_Songs.m4a
https://www.youtube.com/watch?v=0rQaQ2m5kUQ,EE HRUDAYA HADIDE,EE_HRUDAYA_HADIDE.m4a
https://www.youtube.com/watch?v=x53bLddbojk,Ee Kannada Mannanu Maribeda O Abhimani - Kannada Rajyotsava Song - Ambarish - Solillada Saradara,Ee_Kannada_Mannanu_Maribeda_O_Abhimani_-_Kannada_Rajyotsava_Song_-_Ambarish_-_Solillada_Saradara.m4a
https://www.youtube.com/watch?v=UorUj8LNru8,"Ee Sundara Video Song I Amruthavarshini I S.P. Balasubrahmanyam, Chitra","Ee_Sundara_Video_Song_I_Amruthavarshini_I_S.P._Balasubrahmanyam,_Chitra.m4a"
https://www.youtube.com/watch?v=mes3BQIKbuo,ELLIRUVE MANAVA KAADUVA | Bayalu Daari | DR.S.P.Balasubrahmanyam | 56th Bengaluru Ganesh Utsava 2018,ELLIRUVE_MANAVA_KAADUVA_|_Bayalu_Daari_|_DR.S.P.Balasubrahmanyam_|_56th_Bengaluru_Ganesh_Utsava_2018.m4a
https://www.youtube.com/watch?v=XoFczLkq0VA,En Veetu Thotathil..| S.P.B & Sujatha | Gentlemen | A.R.Rahman,En_Veetu_Thotathil..|_S.P.B_&_Sujatha_|_Gentlemen_|_A.R.Rahman.m4a
https://www.youtube.com/watch?v=vvfW92cmAbs,"Ennavale Adi Ennavale Full Song || Kaadhalan || Prabhu Deva, Nagma, A.R Rahman Tamil Songs","Ennavale_Adi_Ennavale_Full_Song_||_Kaadhalan_||_Prabhu_Deva,_Nagma,_A.R_Rahman_Tamil_Songs.m4a"
https://www.youtube.com/watch?v=T3bYDUYHPtg,Erani Kuradhani,Erani_Kuradhani.m4a
https://www.youtube.com/watch?v=HhMOfmilpdY,EVRY India - Fiesta'16 - Nodamma Hudugi Performance,EVRY_India_-_Fiesta'16_-_Nodamma_Hudugi_Performance.m4a
https://www.youtube.com/watch?v=-FbDvI-Efdc,Geleyare Nanna Gelathiyare video song from prema loka kannada movie,Geleyare_Nanna_Gelathiyare_video_song_from_prema_loka_kannada_movie.m4a
https://www.youtube.com/watch?v=uyI_aKulc_Y,"HAALALLADARU HAAKU VIDEO SONG | DEVATHA MANUSHYA | DR.RAJKUMAR, GEETHA","HAALALLADARU_HAAKU_VIDEO_SONG_|_DEVATHA_MANUSHYA_|_DR.RAJKUMAR,_GEETHA.m4a"
https://www.youtube.com/watch?v=2-hWiBxhJ7I,Haavina Dwesha Hanneradu Varusha - HD Video Song - Nagarahavu - Vishnuvardhan - SP Balasubrahmanyam,Haavina_Dwesha_Hanneradu_Varusha_-_HD_Video_Song_-_Nagarahavu_-_Vishnuvardhan_-_SP_Balasubrahmanyam.m4a
https://www.youtube.com/watch?v=ZVTHr-35Dn8,Halu Jenu (Haalu Jenu) with English subtitles| Dr. Rajkumar| 1982 Kannada movie,Halu_Jenu_(Haalu_Jenu)_with_English_subtitles|_Dr._Rajkumar|_1982_Kannada_movie.m4a
https://www.youtube.com/watch?v=nzIXiYoNO3E,Hey Hrudaya,Hey_Hrudaya.m4a
https://www.youtube.com/watch?v=yM7cS7_iO8w,Hey Nanagagiye Nin Andavu - HD Video Song - Sahodarara Saval | Vishnuvardhan | SP Balasubrahmanyam,Hey_Nanagagiye_Nin_Andavu_-_HD_Video_Song_-_Sahodarara_Saval_|_Vishnuvardhan_|_SP_Balasubrahmanyam.m4a
https://www.youtube.com/watch?v=abXhEOZ0fr8,Hits of S. Janaki | Achaaravilladha Naalige | Eako Na Manasothenu | Thayi Thande Ibbaru,Hits_of_S._Janaki_|_Achaaravilladha_Naalige_|_Eako_Na_Manasothenu_|_Thayi_Thande_Ibbaru.m4a
https://www.youtube.com/watch?v=-9T6VKuvIvw,Hosa Belaku | ‡≤π‡≥ä‡≤∏ ‡≤¨‡≥Ü‡≤≥‡≤ï‡≥Å | Kannada Full Movie | Dr Rajkumar | Saritha | Family Movie,Hosa_Belaku_|_‡≤π‡≥ä‡≤∏_‡≤¨‡≥Ü‡≤≥‡≤ï‡≥Å_|_Kannada_Full_Movie_|_Dr_Rajkumar_|_Saritha_|_Family_Movie.m4a
https://www.youtube.com/watch?v=dSqQkqqq8fM,Huttidare Kannada Nadalli Huttabeku - HD Video Song | Aakasmika Kannada Movie Songs | Dr Rajkumar,Huttidare_Kannada_Nadalli_Huttabeku_-_HD_Video_Song_|_Aakasmika_Kannada_Movie_Songs_|_Dr_Rajkumar.m4a
https://www.youtube.com/watch?v=4HPOIbCLml4,"I Love You - Jeeva Hoovagide - Lyrical | Nee Nanna Gellalare | Dr Rajkumar,Manjula | Kannada Song","I_Love_You_-_Jeeva_Hoovagide_-_Lyrical_|_Nee_Nanna_Gellalare_|_Dr_Rajkumar,Manjula_|_Kannada_Song.m4a"
https://www.youtube.com/watch?v=wV1jFlAF0YI,"Jeeva Veene song | Hombisilu | Vishnuvardhan, Aarathi","Jeeva_Veene_song_|_Hombisilu_|_Vishnuvardhan,_Aarathi.m4a"
https://www.youtube.com/watch?v=dnnKH3daFCE,JOTHEYALI,JOTHEYALI.m4a
https://www.youtube.com/watch?v=_XadMyEeo1c,JOTHEYALI JOTHE | Geetha | S P Balasubrahmanyam - Archana Udupa | 49th Bengaluru Ganesh Utsava 2011,JOTHEYALI_JOTHE_|_Geetha_|_S_P_Balasubrahmanyam_-_Archana_Udupa_|_49th_Bengaluru_Ganesh_Utsava_2011.m4a
https://www.youtube.com/watch?v=_XadMyEeo1c,JOTHEYALI JOTHE | Geetha | S P Balasubrahmanyam - Archana Udupa | 49th Bengaluru Ganesh Utsava 2011,JOTHEYALI_JOTHE_|_Geetha_|_S_P_Balasubrahmanyam_-_Archana_Udupa_|_49th_Bengaluru_Ganesh_Utsava_2011.m4a
https://www.youtube.com/watch?v=QUT1nfU08YE,Jotheyali Jothe Jotheyali | S P Balasubrahmanyam | SPB,Jotheyali_Jothe_Jotheyali_|_S_P_Balasubrahmanyam_|_SPB.m4a
https://www.youtube.com/watch?v=n66FGCYtWBc,"Kaanada Kadalige Lyrical Video Song | C Ashwath, G S Shivarudrappa | Kannada Bhavageethegalu","Kaanada_Kadalige_Lyrical_Video_Song_|_C_Ashwath,_G_S_Shivarudrappa_|_Kannada_Bhavageethegalu.m4a"
https://www.youtube.com/watch?v=6n2A1mqWL8Y,Kadhalan Tamil Movie Songs | Kaatru Kuthirayile Video Song | Sujatha Mohan | AR Rahman,Kadhalan_Tamil_Movie_Songs_|_Kaatru_Kuthirayile_Video_Song_|_Sujatha_Mohan_|_AR_Rahman.m4a
https://www.youtube.com/watch?v=qFcKvldEbQo,Kalladare Naanu || #SPB #motivation #shorts #ningarajsingadi,Kalladare_Naanu_||_#SPB_#motivation_#shorts_#ningarajsingadi.m4a
https://www.youtube.com/watch?v=thjntnbToq8,Kana Kanade Sharade - HD Video Song | Apthamithara | Vishnuvardhan | Madhu Balakrishnan,Kana_Kanade_Sharade_-_HD_Video_Song_|_Apthamithara_|_Vishnuvardhan_|_Madhu_Balakrishnan.m4a
https://www.youtube.com/watch?v=PkVDfG4SYn4,Kannada Naadina Veeraramaniya - Audio Song | Naagara Haavu | P. B. Sreenivas,Kannada_Naadina_Veeraramaniya_-_Audio_Song_|_Naagara_Haavu_|_P._B._Sreenivas.m4a
https://www.youtube.com/watch?v=VzwmcbrLv7Y,Kannada superstar Dr. Rajkumar singing Love me or hate me,Kannada_superstar_Dr._Rajkumar_singing_Love_me_or_hate_me.m4a
https://www.youtube.com/watch?v=NsrNZSj_pi4,Kanne Kalaimaane | K.J. Yesudas | Moondraam Pirai | Voice of Legends Singapore,Kanne_Kalaimaane_|_K.J._Yesudas_|_Moondraam_Pirai_|_Voice_of_Legends_Singapore.m4a
https://www.youtube.com/watch?v=DjbsrvFF8Mo,Kathalikkum Penin Kaikal,Kathalikkum_Penin_Kaikal.m4a
https://www.youtube.com/watch?v=bPRCdOKFHr4,Kelade Nimageega Video Song | Geetha Kannada Movie | Shankarnag | Ilayaraja | SPB,Kelade_Nimageega_Video_Song_|_Geetha_Kannada_Movie_|_Shankarnag_|_Ilayaraja_|_SPB.m4a
https://www.youtube.com/watch?v=bPRCdOKFHr4,Kelade Nimageega Video Song | Geetha Kannada Movie | Shankarnag | Ilayaraja | SPB,Kelade_Nimageega_Video_Song_|_Geetha_Kannada_Movie_|_Shankarnag_|_Ilayaraja_|_SPB.m4a
https://www.youtube.com/watch?v=1BiCTrJEWhI,Kittu Puttu - Kaalavannu thadeyoru yaaru illa,Kittu_Puttu_-_Kaalavannu_thadeyoru_yaaru_illa.m4a
https://www.youtube.com/watch?v=t_IC-XBvK0I,"Kollaiyele Thennai Vaithu Full Song || Kaadhalan || Prabhu Deva, Nagma, A.R Rahman Tamil Songs","Kollaiyele_Thennai_Vaithu_Full_Song_||_Kaadhalan_||_Prabhu_Deva,_Nagma,_A.R_Rahman_Tamil_Songs.m4a"
https://www.youtube.com/watch?v=d72iyzlxh94,Konja Naal Poru-Aasai-Deva,Konja_Naal_Poru-Aasai-Deva.m4a
https://www.youtube.com/watch?v=1L0Q7JOF_bA,Kuchi Kuchi Rakkamma Video Song | Bombay Tamil Movie | Arvind Swamy | Manisha Koirala | AR Rahman,Kuchi_Kuchi_Rakkamma_Video_Song_|_Bombay_Tamil_Movie_|_Arvind_Swamy_|_Manisha_Koirala_|_AR_Rahman.m4a
https://www.youtube.com/watch?v=Zpow4RazeKU,Kuladalli Keelyavudho - Audio Song | Ghantasala | Pendyala Nageswara Rao,Kuladalli_Keelyavudho_-_Audio_Song_|_Ghantasala_|_Pendyala_Nageswara_Rao.m4a
https://www.youtube.com/watch?v=rReHgY8IL1s,Maamaravello - Audio Song | Devara Gudi | Rajan-Nagendra | S.P. Balasubrahmanyam,Maamaravello_-_Audio_Song_|_Devara_Gudi_|_Rajan-Nagendra_|_S.P._Balasubrahmanyam.m4a
https://www.youtube.com/watch?v=IvloHsmi_vg,Made In India - Alisha Chinai | Official Video | Biddu | Shyam Anuragi,Made_In_India_-_Alisha_Chinai_|_Official_Video_|_Biddu_|_Shyam_Anuragi.m4a
https://www.youtube.com/watch?v=_0_WAc-Omg8,Madikeri Sipaayi Song - Mutthina Hara | S.P.Balasubrahmanyam & K.S.Chithra Hits,Madikeri_Sipaayi_Song_-_Mutthina_Hara_|_S.P.Balasubrahmanyam_&_K.S.Chithra_Hits.m4a
https://www.youtube.com/watch?v=_0_WAc-Omg8,Madikeri Sipaayi Song - Mutthina Hara | S.P.Balasubrahmanyam & K.S.Chithra Hits,Madikeri_Sipaayi_Song_-_Mutthina_Hara_|_S.P.Balasubrahmanyam_&_K.S.Chithra_Hits.m4a
https://www.youtube.com/watch?v=HEx_ib2ZVs0,MALNAD ADIKE (SIMHADRIYA SIMHA MOVIE)KANNADA DJ SONG MIX DJ SURESH SP,MALNAD_ADIKE_(SIMHADRIYA_SIMHA_MOVIE)KANNADA_DJ_SONG_MIX_DJ_SURESH_SP.m4a
https://www.youtube.com/watch?v=iYMkhLofqDE,MAREYADA NENAPANU,MAREYADA_NENAPANU.m4a
https://www.youtube.com/watch?v=jn489NMK7Aw,"Meenamma Athikalayilum | Aasai HD Video Song + HD Audio | Ajith Kumar,Suvalakshmi | Deva","Meenamma_Athikalayilum_|_Aasai_HD_Video_Song_+_HD_Audio_|_Ajith_Kumar,Suvalakshmi_|_Deva.m4a"
https://www.youtube.com/watch?v=oRdxUFDoQe0,Michael Jackson - Beat It (Official 4K Video),Michael_Jackson_-_Beat_It_(Official_4K_Video).m4a
https://www.youtube.com/watch?v=QNJL6nfu__Q,Michael Jackson - They Don‚Äôt Care About Us (Brazil Version) (Official Video),Michael_Jackson_-_They_Don‚Äôt_Care_About_Us_(Brazil_Version)_(Official_Video).m4a
https://www.youtube.com/watch?v=Aw1CQUMp-Gk,"MTV Unplugged Season 6 :Urvashi Uravashi Song || A.R. Rahman,Suresh Peters,Ranjit Barot, Vairamuthu","MTV_Unplugged_Season_6_:Urvashi_Uravashi_Song_||_A.R._Rahman,Suresh_Peters,Ranjit_Barot,_Vairamuthu.m4a"
https://www.youtube.com/watch?v=Uae2ae9SpmE,"Muddina Hudugi Chanda Video Song I Rayaru Bandaru Maavana Manege I S.P. Balasubrahmanyam, Chitra","Muddina_Hudugi_Chanda_Video_Song_I_Rayaru_Bandaru_Maavana_Manege_I_S.P._Balasubrahmanyam,_Chitra.m4a"
https://www.youtube.com/watch?v=vGOlQ08N8Gc,Mundhe Baani | Benkiyalli Aralida Hoovu | S.P. Balasubrahmanyam | M.S. Viswanathan,Mundhe_Baani_|_Benkiyalli_Aralida_Hoovu_|_S.P._Balasubrahmanyam_|_M.S._Viswanathan.m4a
https://www.youtube.com/watch?v=7bM0Kwnhopw,Muniyana Maadari - Halli Daariyalli,Muniyana_Maadari_-_Halli_Daariyalli.m4a
https://www.youtube.com/watch?v=I4FbBrHPXbc,Mutthinantha Maathondu Kannada Song - Bahaddur Gandu - Dr. Rajkumar - Jayanthi,Mutthinantha_Maathondu_Kannada_Song_-_Bahaddur_Gandu_-_Dr._Rajkumar_-_Jayanthi.m4a
https://www.youtube.com/watch?v=F1yzaPPUBio,Naa Haadalu,Naa_Haadalu.m4a
https://www.youtube.com/watch?v=FD3UN6dELZg,Naa Ninna Mareyalare - HD Video Song - Naa Ninna Mareyalare | Dr Rajkumar | Lakshmi | Vani Jayaram,Naa_Ninna_Mareyalare_-_HD_Video_Song_-_Naa_Ninna_Mareyalare_|_Dr_Rajkumar_|_Lakshmi_|_Vani_Jayaram.m4a
https://www.youtube.com/watch?v=u1o58ST-tns,naadamaya e lokavella Kannada Song | jeevana chaitra Kannada Movie | Rajkumar songs,naadamaya_e_lokavella_Kannada_Song_|_jeevana_chaitra_Kannada_Movie_|_Rajkumar_songs.m4a
https://www.youtube.com/watch?v=O-C2QsMecSA,Nagutha Nagutha Baalu Neenu Nooru Varusha - HD Video Song - Parashuram - Dr.Rajkumar - Hamsalekha,Nagutha_Nagutha_Baalu_Neenu_Nooru_Varusha_-_HD_Video_Song_-_Parashuram_-_Dr.Rajkumar_-_Hamsalekha.m4a
https://www.youtube.com/watch?v=MUjMFYEdtgg,Naliva gulabi hoove - SP Balasubrahmanyam,Naliva_gulabi_hoove_-_SP_Balasubrahmanyam.m4a
https://www.youtube.com/watch?v=2HssCWBRc-s,Nanna Jeeva Neenu Video Song | Geetha Kannada Movie | Shankarnag | Akshatha Rao | Ilayaraja,Nanna_Jeeva_Neenu_Video_Song_|_Geetha_Kannada_Movie_|_Shankarnag_|_Akshatha_Rao_|_Ilayaraja.m4a
https://www.youtube.com/watch?v=uHwSXV9t_3o,NANNA NEENU GELLALARE|Nee Nanna Gellalare|Ankita Kundu & Channappa|55th Bengaluru Ganesh Utsava 2017,NANNA_NEENU_GELLALARE|Nee_Nanna_Gellalare|Ankita_Kundu_&_Channappa|55th_Bengaluru_Ganesh_Utsava_2017.m4a
https://www.youtube.com/watch?v=tSm9p7uIdPY,"Navile - Kalavida | S.P Balasubrahmanyam | Hamsalekha | Crazy Star Ravichandran, Roja| Jhankar Music","Navile_-_Kalavida_|_S.P_Balasubrahmanyam_|_Hamsalekha_|_Crazy_Star_Ravichandran,_Roja|_Jhankar_Music.m4a"
https://www.youtube.com/watch?v=PjYRNaAucg8,Neerabittu Nelada Mele - Hombisilu (1978) - Kannada,Neerabittu_Nelada_Mele_-_Hombisilu_(1978)_-_Kannada.m4a
https://www.youtube.com/watch?v=1yulsPbvXlc,Ninade Nenapu Dinavu Manadalli Song Video - Raja Nanna Raja | Dr Rajkumar | Aarathi | PB Srinivas,Ninade_Nenapu_Dinavu_Manadalli_Song_Video_-_Raja_Nanna_Raja_|_Dr_Rajkumar_|_Aarathi_|_PB_Srinivas.m4a
https://www.youtube.com/watch?v=rngHbUVYdXg,NODI SWAMY,NODI_SWAMY.m4a
https://www.youtube.com/watch?v=WnKnR-genjI,Nooru Janmaku | Rajesh Krishnan | Karnataka Poultry Farmers Conference 2013,Nooru_Janmaku_|_Rajesh_Krishnan_|_Karnataka_Poultry_Farmers_Conference_2013.m4a
https://www.youtube.com/watch?v=jSMgYJKLJgw,"Oh My Son | Diggajaru | Lyrical Video | Shivarajkumar, Chandini , SPB | Akash Audio","Oh_My_Son_|_Diggajaru_|_Lyrical_Video_|_Shivarajkumar,_Chandini_,_SPB_|_Akash_Audio.m4a"
https://www.youtube.com/watch?v=yGmj0J5uhOI,Ottagtha Katikko,Ottagtha_Katikko.m4a
https://www.youtube.com/watch?v=XB0skcevRF4,"Paarkadhe Parkadhe Tamil Lyrical ||Gentleman Songs ||Arjun, Madhubala||A.R. Rahaman","Paarkadhe_Parkadhe_Tamil_Lyrical_||Gentleman_Songs_||Arjun,_Madhubala||A.R._Rahaman.m4a"
https://www.youtube.com/watch?v=Fse8kODwtOM,Pallavi Anu Pallavi | Nagu Endhidhe song,Pallavi_Anu_Pallavi_|_Nagu_Endhidhe_song.m4a
https://www.youtube.com/watch?v=qwnSAPl2wl0,Pettai Rap Full Video Song 4K | Kadhalan Movie Songs | Prabhu Deva | Vadivelu | AR Rahman,Pettai_Rap_Full_Video_Song_4K_|_Kadhalan_Movie_Songs_|_Prabhu_Deva_|_Vadivelu_|_AR_Rahman.m4a
https://www.youtube.com/watch?v=y-e2hIpFjQM,Poongatru Puthithanathu | 24 Bit Song | Moondram Pirai | Ilayaraja | KJ Yesudas,Poongatru_Puthithanathu_|_24_Bit_Song_|_Moondram_Pirai_|_Ilayaraja_|_KJ_Yesudas.m4a
https://www.youtube.com/watch?v=kvHEy0p5to4,Poovukku Enna Poottu DvdRip Bombay 720p HD Video Song,Poovukku_Enna_Poottu_DvdRip_Bombay_720p_HD_Video_Song.m4a
https://www.youtube.com/watch?v=M3ecud1gY5Q,"Preethi Maadabaaradu Video Song | Ranadheera | S.P. Balasubrahmanyam, S. Janaki","Preethi_Maadabaaradu_Video_Song_|_Ranadheera_|_S.P._Balasubrahmanyam,_S._Janaki.m4a"
https://www.youtube.com/watch?v=0S0-3g7HhsE,Prema Chandrama Kannada Song Sad | Yajamana Kannada Movie Songs | Vishnuvardhan | Prema,Prema_Chandrama_Kannada_Song_Sad_|_Yajamana_Kannada_Movie_Songs_|_Vishnuvardhan_|_Prema.m4a
https://www.youtube.com/watch?v=YL0nsoOrK5I,Prema Preeti Nannusiru song | Singapoorinalli Raja Kulla,Prema_Preeti_Nannusiru_song_|_Singapoorinalli_Raja_Kulla.m4a
https://www.youtube.com/watch?v=lQRwYZuGn3c,"Premalokadinda Video Song || Premaloka || K.J. Yesudas,S. Janaki","Premalokadinda_Video_Song_||_Premaloka_||_K.J._Yesudas,S._Janaki.m4a"
https://www.youtube.com/watch?v=EQLzeR4Mb7A,"Pudhu Vellai Mazhai | Roja 4K HD Video Song + HD Audio | Aravind Swamy,Madhubala | A.R.Rahman","Pudhu_Vellai_Mazhai_|_Roja_4K_HD_Video_Song_+_HD_Audio_|_Aravind_Swamy,Madhubala_|_A.R.Rahman.m4a"
https://www.youtube.com/watch?v=RHS80xo4PDU,Pulveli Pulveli ü•Äüåπüïä| Unni Krishnan | HBi Deva Song Dolby Treat !,Pulveli_Pulveli_ü•Äüåπüïä|_Unni_Krishnan_|_HBi_Deva_Song_Dolby_Treat_!.m4a
https://www.youtube.com/watch?v=ulUn4CTsjhU,Putham Puthu Bhoomi/Jai Ho - A.R. Rahman Live in Chennai,Putham_Puthu_Bhoomi/Jai_Ho_-_A.R._Rahman_Live_in_Chennai.m4a
https://www.youtube.com/watch?v=g-YQ7w2aUn8,Rajkumar Songs - Cheluveya Nota,Rajkumar_Songs_-_Cheluveya_Nota.m4a
https://www.youtube.com/watch?v=OrDPtCnbi9I,Rakshaka Aaptharakshaka,Rakshaka_Aaptharakshaka.m4a
https://www.youtube.com/watch?v=vG2UTYhxrwU,RAVI NEENU AAGASADIDA |DR. PRUTHVI | SOME GEETHA | UDAYA MUSIC | kannada film songs (cover songs),RAVI_NEENU_AAGASADIDA_|DR._PRUTHVI_|_SOME_GEETHA_|_UDAYA_MUSIC_|_kannada_film_songs_(cover_songs).m4a
https://www.youtube.com/watch?v=gYOBcsqQNOE,"Rukkumani Rukkumani (From ""Roja"")","Rukkumani_Rukkumani_(From_""Roja"").m4a"
https://www.youtube.com/watch?v=ygk__Cr93yM,S.P. Balasubrahmanyam & S. Janaki - Top 30 Songs | Naguva Nayana | Aakaasha Deepavu Neenu,S.P._Balasubrahmanyam_&_S._Janaki_-_Top_30_Songs_|_Naguva_Nayana_|_Aakaasha_Deepavu_Neenu.m4a
https://www.youtube.com/watch?v=zFiKf4OA_gY,SANTHOSHAKKE HAADU SANTHOSHAKKE| Geetha | DR.S.P.Balasubrahmanyam| 56th Bengaluru Ganesh Utsava 2018,SANTHOSHAKKE_HAADU_SANTHOSHAKKE|_Geetha_|_DR.S.P.Balasubrahmanyam|_56th_Bengaluru_Ganesh_Utsava_2018.m4a
https://www.youtube.com/watch?v=zFiKf4OA_gY,SANTHOSHAKKE HAADU SANTHOSHAKKE| Geetha | DR.S.P.Balasubrahmanyam| 56th Bengaluru Ganesh Utsava 2018,SANTHOSHAKKE_HAADU_SANTHOSHAKKE|_Geetha_|_DR.S.P.Balasubrahmanyam|_56th_Bengaluru_Ganesh_Utsava_2018.m4a
https://www.youtube.com/watch?v=pRpeEdMmmQ0,Shakira - Waka Waka (This Time for Africa) (The Official 2010 FIFA World Cup‚Ñ¢ Song),Shakira_-_Waka_Waka_(This_Time_for_Africa)_(The_Official_2010_FIFA_World_Cup‚Ñ¢_Song).m4a
https://www.youtube.com/watch?v=X77aaOKOn_s,Snehada Kadalalli,Snehada_Kadalalli.m4a
https://www.youtube.com/watch?v=QbE2mLrK1LM,"Song ""Aakasha Deepavu Neenu ...(Happy)"" from Kannada Movie ""Paavana Ganga"",""3m","Song_""Aakasha_Deepavu_Neenu_...(Happy)""_from_Kannada_Movie_""Paavana_Ganga"",""3m.m4a"
https://www.youtube.com/watch?v=LQLuoZRn7xE,SPB Exclusive - nanu neenu ondada mele - ETV Kannada,SPB_Exclusive_-_nanu_neenu_ondada_mele_-_ETV_Kannada.m4a
https://www.youtube.com/watch?v=EoLtocWfwPw,Swathi Mutthina Male Haniye | Bannada Gejje Kannada Movie | Hamsalekha | Ravichandran Hit Songs HD,Swathi_Mutthina_Male_Haniye_|_Bannada_Gejje_Kannada_Movie_|_Hamsalekha_|_Ravichandran_Hit_Songs_HD.m4a
https://www.youtube.com/watch?v=4XCq-5FcjIM,"Thamizha Thamizha Lyrical Video Song || Roja || Arvind Swamy, Madhubala || A.R Rahman, Hariharan","Thamizha_Thamizha_Lyrical_Video_Song_||_Roja_||_Arvind_Swamy,_Madhubala_||_A.R_Rahman,_Hariharan.m4a"
https://www.youtube.com/watch?v=ELAh_MjMOio,"Theredide Mane O Baa Athithi -HD Video Song Hosa Belaku | Dr. Rajkumar, Saritha Kannada Old Song","Theredide_Mane_O_Baa_Athithi_-HD_Video_Song_Hosa_Belaku_|_Dr._Rajkumar,_Saritha_Kannada_Old_Song.m4a"
https://www.youtube.com/watch?v=npVX9zdhTNw,They Just Don't Care,They_Just_Don't_Care.m4a
https://www.youtube.com/watch?v=ulfEWCPvu6E,Thiloththama,Thiloththama.m4a
https://www.youtube.com/watch?v=t37ieNxQ9Q8,Thiruda Thiruda - Kannum Kannum Lyric | A.R. Rahman,Thiruda_Thiruda_-_Kannum_Kannum_Lyric_|_A.R._Rahman.m4a
https://www.youtube.com/watch?v=qM-TJg4cHHU,Thiruda Thiruda - Rasathi Lyric | A.R. Rahman,Thiruda_Thiruda_-_Rasathi_Lyric_|_A.R._Rahman.m4a
https://www.youtube.com/watch?v=Uj_18hXo5G0,Thiruda Thiruda Movie Songs | Konjam Nilavu | Chandralekha Video Song | Mani Ratnam | AR Rahman,Thiruda_Thiruda_Movie_Songs_|_Konjam_Nilavu_|_Chandralekha_Video_Song_|_Mani_Ratnam_|_AR_Rahman.m4a
https://www.youtube.com/watch?v=PbtcchWTn28,Thiruda Thiruda Tamil Movie Songs | Veerapandi Kottayile Video Song | Mani Ratnam | AR Rahman,Thiruda_Thiruda_Tamil_Movie_Songs_|_Veerapandi_Kottayile_Video_Song_|_Mani_Ratnam_|_AR_Rahman.m4a
https://www.youtube.com/watch?v=ok4mZ_yuwko,Thiruda Thiruda Thee Thee | High Quality Audio,Thiruda_Thiruda_Thee_Thee_|_High_Quality_Audio.m4a
https://www.youtube.com/watch?v=VFp3eqz6RT0,"Tunturu Video Song With Lyrics || Amruthavarshini || Ramesh Aravind, sarath Babu, Suhasini, Chitra","Tunturu_Video_Song_With_Lyrics_||_Amruthavarshini_||_Ramesh_Aravind,_sarath_Babu,_Suhasini,_Chitra.m4a"
https://www.youtube.com/watch?v=lYv3FuYPoQY,Upasane | Sampige Maradha song,Upasane_|_Sampige_Maradha_song.m4a
https://www.youtube.com/watch?v=bdiZZtr8-HA,Upasane | Yakundendu Tushara song,Upasane_|_Yakundendu_Tushara_song.m4a
https://www.youtube.com/watch?v=pn1nlkHMxbk,"Usilambatti Pen Kutti Muthu | Shahul Hameed, Swarnalatha | namithaaa.__.namiii","Usilambatti_Pen_Kutti_Muthu_|_Shahul_Hameed,_Swarnalatha_|_namithaaa.__.namiii.m4a"
https://www.youtube.com/watch?v=Nww0bh4yX3I,Watch Kannada Hit Songs - Idu Nanna Ninna Prema From prema loka,Watch_Kannada_Hit_Songs_-_Idu_Nanna_Ninna_Prema_From_prema_loka.m4a
https://www.youtube.com/watch?v=a8zRxwl0-3k,Yaare Neenu Roja Hoove - HD Video Song - Naanu Nanna Hendthi - Ravichandran - S.P. Balasubrahmanyam,Yaare_Neenu_Roja_Hoove_-_HD_Video_Song_-_Naanu_Nanna_Hendthi_-_Ravichandran_-_S.P._Balasubrahmanyam.m4a
https://www.youtube.com/watch?v=a8zRxwl0-3k,Yaare Neenu Roja Hoove - HD Video Song - Naanu Nanna Hendthi - Ravichandran - S.P. Balasubrahmanyam,Yaare_Neenu_Roja_Hoove_-_HD_Video_Song_-_Naanu_Nanna_Hendthi_-_Ravichandran_-_S.P._Balasubrahmanyam.m4a
https://www.youtube.com/watch?v=roqXbkFOeio,Yaaru Thiliyaru Ninna Song With Full Dialogue - Babruvahana - Dr Rajkumar - PB Srinivas,Yaaru_Thiliyaru_Ninna_Song_With_Full_Dialogue_-_Babruvahana_-_Dr_Rajkumar_-_PB_Srinivas.m4a
https://www.youtube.com/watch?v=iaNgco2oRUs,Yaava Mohana Murali | America America | Akshay Anand | Hema Panchamukhi | Kannada Video Song,Yaava_Mohana_Murali_|_America_America_|_Akshay_Anand_|_Hema_Panchamukhi_|_Kannada_Video_Song.m4a
https://www.youtube.com/watch?v=i4auYHXqWrk,Yaavudo Ee Bombe Video Song || Yuga Purusha || S.P. Balasubrahmanyam,Yaavudo_Ee_Bombe_Video_Song_||_Yuga_Purusha_||_S.P._Balasubrahmanyam.m4a
https://www.youtube.com/watch?v=tmjDyxbfaZU,Yene Kannadthi - Appaji - Movie | S. P. Balasubrahmanyam | Vishnuvardhan | Jhankar Music,Yene_Kannadthi_-_Appaji_-_Movie_|_S._P._Balasubrahmanyam_|_Vishnuvardhan_|_Jhankar_Music.m4a
https://www.youtube.com/watch?v=r4_Ob3MxXd0,YUGA YUGAGALE SAGALI,YUGA_YUGAGALE_SAGALI.m4a
